gene,log2FC,padj
E00007,4.2824 ,0.0000 
E00008,-1.1036 ,0.4765 
E00009,-0.2744 ,1.0000 
E00010,4.6235 ,0.0000 
E00012,0.9740 ,0.4830 
E00017,-1.3021 ,0.0006 
E00024,0.6176 ,0.0000 
E00033,1.4867 ,0.0000 
E00034,-0.7837 ,0.0034 
E00036,2.0159 ,0.0000 
E00040,-1.8966 ,0.0000 
E00041,-0.2682 ,0.5634 
E00042,0.0861 ,0.3677 
E00043,-1.1933 ,0.0000 
E00044,-0.8880 ,0.0000 
E00047,-0.6109 ,0.0000 
E00048,-0.5444 ,0.0000 
E00054,0.3737 ,0.0000 
E00060,3.2273 ,0.0000 
E00062,1.2654 ,0.0000 
E00064,-0.4014 ,0.0000 
E00065,-0.9059 ,0.6410 
E00066,-0.4127 ,0.0000 
E00068,-0.4886 ,0.0000 
E00073,0.1447 ,0.1085 
E00075,0.4753 ,0.0000 
E00127,-0.1628 ,0.0069 
E00129,1.9663 ,0.0000 
E00130,1.7085 ,0.0000 
E00133,-0.1660 ,0.0200 
E00137,1.4267 ,0.0000 
E00138,-0.9912 ,0.0042 
E00142,-1.2923 ,0.0000 
E00145,0.6082 ,0.0000 
E00150,-0.7298 ,0.0000 
E00151,-1.1184 ,0.0002 
E00155,-0.6344 ,0.0000 
E00156,-2.6913 ,0.0000 
E00157,-0.1935 ,0.0002 
E00158,1.1419 ,0.0000 
E00161,0.3804 ,0.0000 
E00164,-0.6906 ,0.0000 
E00165,-0.8993 ,0.0467 
E00166,0.0826 ,0.6792 
E00168,-0.2348 ,0.0000 
E00169,-0.7298 ,0.0000 
E00170,-0.6837 ,0.0000 
E00172,-1.7778 ,0.0000 
E00175,-0.6038 ,0.0000 
E00177,-4.1564 ,0.0000 
E00184,-0.9017 ,0.5038 
E00185,0.0352 ,0.6833 
E00186,-0.0788 ,0.4823 
E00187,1.7449 ,0.0000 
E00190,-0.8928 ,0.0000 
E00195,-0.7188 ,0.0000 
E00196,0.8366 ,0.6844 
E00199,-0.6534 ,0.8477 
E00201,-0.4220 ,0.9517 
E00204,0.6563 ,0.0000 
E00219,-0.7385 ,0.0000 
E00221,-0.8457 ,0.0000 
E00230,-0.3691 ,0.0003 
E00231,0.0969 ,0.1536 
E00233,4.0312 ,0.0000 
E00236,0.4117 ,0.0000 
E00237,0.3378 ,0.0128 
E00239,-0.6342 ,0.0000 
E00244,1.0741 ,0.0000 
E00245,-2.3477 ,0.0000 
E00246,1.3847 ,0.0000 
E00247,-0.2330 ,0.0099 
E00248,-0.6980 ,0.0000 
E00249,-0.1844 ,0.4445 
E00250,0.1845 ,0.0251 
E00257,1.5168 ,0.0000 
E00258,0.0371 ,0.6818 
E00262,1.1171 ,0.0000 
E00264,-0.1658 ,0.0631 
E00274,0.8257 ,0.0000 
E00275,3.1823 ,0.0000 
E00277,0.0981 ,0.7201 
E00279,-0.1260 ,0.3629 
E00281,0.1834 ,0.5469 
E00283,0.6605 ,0.0000 
E00288,-2.5938 ,0.0000 
E00299,-0.3031 ,0.0022 
E00302,1.6245 ,0.0000 
E00303,1.1060 ,0.0000 
E00304,-1.1960 ,0.0000 
E00306,-0.2895 ,0.0320 
E00307,-0.9735 ,0.0000 
E00308,-0.5291 ,0.0001 
E00312,0.1681 ,0.0402 
E00314,-0.1909 ,0.0000 
E00316,2.2508 ,0.0000 
E00320,0.2880 ,0.9187 
E00321,1.6602 ,0.0000 
E00322,0.2037 ,0.0065 
E00323,0.3085 ,0.0777 
E00327,-0.4770 ,0.0000 
E00335,1.7340 ,0.0936 
E00340,0.6575 ,0.0000 
E00341,-1.9858 ,0.0000 
E00368,1.0569 ,0.0000 
E00373,1.7191 ,0.0945 
E00376,-0.0196 ,0.9617 
E00383,-0.8101 ,0.6334 
E00384,1.1048 ,0.4078 
E00386,-0.9854 ,0.4080 
E00387,-0.4142 ,0.0000 
E00390,-0.3712 ,1.0000 
E00392,-0.3627 ,0.0000 
E00394,-1.6860 ,0.0000 
E00395,0.1491 ,0.0152 
E00396,-0.0484 ,0.4423 
E00397,0.5100 ,0.0000 
E00398,-0.0404 ,0.7539 
E00407,-0.7075 ,0.0000 
E00408,0.5222 ,0.0000 
E00410,0.1657 ,1.0000 
E00411,-0.4574 ,0.0000 
E00412,0.9337 ,0.0000 
E00413,-1.6509 ,0.0032 
E00414,-0.1040 ,0.5708 
E00415,-0.3457 ,0.0000 
E00417,0.0273 ,0.4490 
E00418,0.7640 ,0.0000 
E00420,0.1985 ,0.0030 
E00421,-1.0016 ,0.0000 
E00422,-0.1457 ,0.3254 
E00428,-0.3712 ,1.0000 
E00431,-0.2865 ,0.0000 
E00432,1.0002 ,0.0000 
E00433,1.5207 ,0.0000 
E00435,-0.5358 ,0.0000 
E00436,-1.3239 ,0.0000 
E00437,0.1341 ,0.0054 
E00438,0.4234 ,0.0000 
E00439,-1.5535 ,0.0000 
E00440,-0.2987 ,0.0000 
E00441,0.3952 ,0.0363 
E00442,-3.2534 ,0.0000 
E00443,-0.1236 ,1.0000 
E00451,-2.3646 ,0.0000 
E00454,1.1199 ,0.0419 
E00455,-0.4226 ,0.9518 
E00456,0.4893 ,0.0001 
E00457,-1.2368 ,0.0000 
E00459,0.1192 ,0.3966 
E00461,-0.4723 ,0.6870 
E00463,-1.8998 ,0.0000 
E00464,0.1465 ,0.0313 
E00465,-0.0320 ,0.5068 
E00466,0.1847 ,0.0474 
E00467,-0.1465 ,0.0475 
E00470,-0.3175 ,0.0000 
E00471,-0.3288 ,0.1514 
E00473,0.1649 ,0.0022 
E00474,-0.6473 ,0.0000 
E00476,-0.0442 ,0.5941 
E00477,0.4356 ,0.0000 
E00479,0.7100 ,0.0000 
E00480,-0.2589 ,0.0005 
E00481,-0.1347 ,0.0737 
E00483,0.8662 ,0.0000 
E00485,0.4276 ,0.0000 
E00486,-0.1091 ,0.9541 
E00487,1.7924 ,0.0000 
E00488,0.6173 ,0.0000 
E00490,-0.9741 ,0.0000 
E00491,0.6938 ,0.5399 
E00493,0.9986 ,0.0021 
E00495,-0.7040 ,0.0000 
E00498,0.1829 ,0.0016 
E00499,0.8788 ,0.4283 
E00500,0.6264 ,0.0000 
E00501,-0.5858 ,0.0000 
E00502,-0.4173 ,0.0134 
E00503,-0.1626 ,0.0994 
E00504,0.0237 ,0.9087 
E00505,-0.7491 ,0.0000 
E00506,-1.2538 ,0.0000 
E00507,-0.6632 ,0.8475 
E00511,0.3759 ,0.0000 
E00512,-1.1316 ,0.0000 
E00513,-0.4314 ,0.0000 
E00515,-1.3094 ,0.0000 
E00516,-1.4467 ,0.2557 
E00517,-0.3849 ,0.0004 
E00519,-0.5425 ,0.0000 
E00520,-0.5448 ,0.0000 
E00521,-0.5578 ,0.0000 
E00522,5.3499 ,0.0000 
E00523,0.6757 ,0.0000 
E00524,0.1456 ,0.0080 
E00525,1.1831 ,0.0000 
E00527,0.0873 ,0.0070 
E00528,0.2541 ,0.0608 
E00529,-0.4623 ,0.0052 
E00531,0.1846 ,0.5858 
E00532,-0.2231 ,0.0000 
E00536,1.9485 ,0.0000 
E00540,0.6191 ,0.0000 
E00541,0.5713 ,0.0000 
E00542,-0.2792 ,0.8944 
E00543,-5.0761 ,0.0000 
E00546,-0.8388 ,0.0000 
E00547,1.9689 ,0.0000 
E00549,0.4235 ,0.0000 
E00551,1.6323 ,0.0000 
E00552,-1.6009 ,0.1839 
E00556,1.8960 ,0.0425 
E00557,0.1571 ,0.0000 
E00559,0.4228 ,0.8427 
E00560,1.7276 ,0.0000 
E00561,-0.5318 ,0.0027 
E00563,-0.9216 ,0.0000 
E00564,-0.6572 ,0.7799 
E00565,-0.7900 ,0.0000 
E00566,-1.0577 ,0.0025 
E00567,-1.6729 ,0.0000 
E00568,-0.9307 ,0.0000 
E00569,0.3253 ,0.0000 
E00571,-0.6314 ,0.0000 
E00572,-1.9190 ,0.0000 
E00576,-0.1303 ,0.2305 
E00579,-0.2523 ,0.0000 
E00581,0.1920 ,0.0193 
E00582,-2.5910 ,0.0000 
E00583,-0.3460 ,0.0000 
E00585,-0.7788 ,0.0000 
E00586,0.4439 ,0.0000 
E00587,0.2710 ,0.0004 
E00588,1.6301 ,0.0000 
E00589,0.3988 ,0.7447 
E00590,-1.7341 ,0.1327 
E00593,0.3943 ,0.0000 
E00595,-1.1628 ,0.0000 
E00596,0.2128 ,0.0000 
E00597,1.3452 ,0.2531 
E00598,-0.1907 ,0.2254 
E00599,-1.3568 ,0.0000 
E00604,0.5185 ,0.0000 
E00605,-2.4178 ,0.0000 
E00606,-1.3032 ,0.0000 
E00609,-0.3060 ,0.0005 
E00610,-0.1182 ,0.0687 
E00611,2.3827 ,0.0000 
E00613,0.1908 ,0.0088 
E00614,-0.1809 ,0.2930 
E00618,0.0531 ,0.7838 
E00622,0.2100 ,0.1353 
E00632,0.4113 ,0.0000 
E00633,1.1488 ,0.0000 
E00634,-0.8314 ,0.0682 
E00636,-0.1971 ,0.4777 
E00638,-0.4590 ,0.0000 
E00640,-1.3036 ,0.0000 
E00641,0.6773 ,0.0000 
E00645,-0.6686 ,0.0000 
E00648,-0.1311 ,0.0002 
E00655,0.0628 ,0.4392 
E00657,-0.8726 ,0.0000 
E00658,-2.0366 ,0.0000 
E00661,0.3095 ,0.0035 
E00662,-0.5541 ,0.0005 
E00663,0.0386 ,0.7014 
E00664,-0.6983 ,0.0000 
E00665,-0.1582 ,0.0053 
E00692,-0.1944 ,0.1823 
E00693,0.4548 ,0.0000 
E00695,-1.0553 ,0.0000 
E00697,0.6651 ,0.0000 
E00699,0.4641 ,0.0001 
E00700,-0.4612 ,0.0053 
E00701,-0.2520 ,0.0005 
E00702,0.2022 ,0.0018 
E00704,0.5018 ,0.0293 
E00708,3.0989 ,0.0000 
E00715,2.7537 ,0.0010 
E00716,-0.0748 ,1.0000 
E00718,-0.6733 ,0.0000 
E00720,0.0555 ,0.8267 
E00723,-0.9239 ,0.0000 
E00728,0.6103 ,0.0000 
E00729,0.1396 ,0.4449 
E00759,1.1048 ,0.4078 
E00763,0.0199 ,0.9290 
E00768,1.7080 ,0.0952 
E00774,0.6519 ,0.0000 
E00775,0.0171 ,1.0000 
E00777,-0.0420 ,0.9290 
E00778,0.7354 ,0.0000 
E00779,-0.5772 ,0.0000 
E00780,0.5273 ,0.0000 
E00781,0.3265 ,0.8087 
E00782,-0.7281 ,0.5631 
E00785,-0.3497 ,0.0000 
E00786,0.1046 ,0.3189 
E00787,-1.3703 ,0.0402 
E00795,1.1581 ,0.0000 
E00796,-0.8449 ,0.0000 
E00798,-0.2074 ,0.0000 
E00799,0.3925 ,0.0000 
E00800,-0.5229 ,0.0000 
E00801,-0.7745 ,0.0000 
E00802,-0.6061 ,0.0034 
E00804,-1.7609 ,0.0000 
E00805,-1.4014 ,0.0000 
E00808,0.0059 ,0.9608 
E00809,1.4355 ,0.0000 
E00811,1.2886 ,0.0000 
E00812,-0.4746 ,0.0000 
E00814,1.4718 ,0.0000 
E00815,-0.8096 ,0.0000 
E00816,0.5825 ,0.0000 
E00818,0.2675 ,0.1278 
E00823,0.0212 ,0.8406 
E00824,0.3845 ,0.0000 
E00825,0.4448 ,0.8636 
E00826,1.3591 ,0.0000 
E00827,0.1296 ,0.0067 
E00831,0.2926 ,0.0024 
E00833,-0.3541 ,0.0000 
E00838,0.4781 ,0.9610 
E00839,0.2603 ,0.0792 
E00840,3.4945 ,0.0000 
E00841,-0.4515 ,0.0000 
E00842,0.7145 ,0.0000 
E00843,-0.2065 ,0.7228 
E00847,-0.3792 ,0.0000 
E00848,1.2924 ,0.0000 
E00850,-0.5132 ,0.3352 
E00851,0.0058 ,0.9229 
E00852,-0.4522 ,0.0000 
E00853,0.8874 ,0.0000 
E00854,0.4128 ,0.6763 
E00855,0.2323 ,0.6030 
E00857,0.5214 ,0.0133 
E00858,1.3053 ,0.0000 
E00860,-1.4455 ,0.0171 
E00861,-0.5189 ,0.0365 
E00866,0.8348 ,0.0000 
E00867,-1.0545 ,0.0000 
E00869,0.5215 ,0.0000 
E00873,0.0652 ,1.0000 
E00875,1.0711 ,0.0000 
E00878,-1.1341 ,0.5571 
E00879,0.7921 ,0.0000 
E00881,0.1983 ,0.0013 
E00885,1.6864 ,0.0000 
E00886,0.7126 ,0.0002 
E00888,0.0926 ,0.0627 
E00889,-1.4763 ,0.0196 
E00891,0.3555 ,0.0216 
E00893,-0.7418 ,0.0000 
E00894,3.6102 ,6.54604133384791e-310
E00895,-0.3363 ,0.0002 
E00897,0.4781 ,0.9610 
E00900,0.5281 ,0.0000 
E00901,0.3486 ,0.0000 
E00902,0.1944 ,0.0005 
E00903,-0.2994 ,0.0018 
E00904,0.4486 ,0.9610 
E00905,-0.5097 ,0.7055 
E00906,-1.2363 ,0.0000 
E00907,1.9888 ,0.0000 
E00909,-0.2627 ,0.0006 
E00913,-0.7467 ,0.0000 
E00916,0.4781 ,0.9610 
E00917,1.2844 ,0.0000 
E00918,-1.1814 ,0.0000 
E00920,0.0542 ,1.0000 
E00921,-1.0635 ,0.0000 
E00922,-0.9829 ,0.0000 
E00923,-0.0001 ,1.0000 
E00924,-1.0168 ,0.0000 
E00925,0.1419 ,0.2642 
E00926,0.3293 ,0.0001 
E00931,-0.1893 ,0.0002 
E00934,0.4486 ,0.9610 
E00936,-0.3785 ,0.0000 
E00937,0.5227 ,0.0279 
E00938,0.1526 ,0.0000 
E00940,-1.3878 ,0.0000 
E00942,-0.6421 ,0.0000 
E00952,-0.6382 ,0.0014 
E00954,0.9558 ,0.0000 
E00955,-0.2925 ,0.0625 
E00956,1.1594 ,0.0000 
E00957,-0.4909 ,0.0027 
E00961,2.4363 ,0.0000 
E00962,-0.1300 ,0.1950 
E00963,0.6971 ,0.1209 
E00967,0.2087 ,0.0016 
E00968,-0.4069 ,0.0000 
E00974,0.3210 ,0.0001 
E00975,-0.4304 ,0.0000 
E00977,-0.1957 ,0.0057 
E00979,1.2511 ,0.0000 
E00981,0.2367 ,0.0011 
E00983,0.5857 ,0.0000 
E00985,-0.0930 ,0.3277 
E00986,3.7085 ,0.0000 
E00987,-0.1542 ,0.0687 
E00988,0.0164 ,0.8556 
E00989,0.4511 ,0.0000 
E00990,1.0729 ,0.0000 
E00991,-0.1392 ,0.0000 
E00994,0.9861 ,0.0000 
E00996,-0.2278 ,0.0000 
E00999,-0.3884 ,0.0000 
E01001,0.4486 ,0.9610 
E01003,0.4526 ,0.0000 
E01004,-1.3157 ,0.0000 
E01005,0.4486 ,0.9610 
E01006,-0.3128 ,0.0007 
E01007,-2.6339 ,0.0000 
E01009,-0.5766 ,0.0000 
E01010,0.2239 ,0.0000 
E01011,-0.2433 ,0.7191 
E01030,0.5580 ,0.0000 
E01031,1.3273 ,0.2548 
E01032,0.0041 ,0.9711 
E01033,0.1323 ,0.1410 
E01034,0.7607 ,0.0000 
E01035,-0.0044 ,1.0000 
E01036,1.2658 ,0.0000 
E01037,0.5690 ,0.0000 
E01039,-0.6058 ,0.0000 
E01040,-0.0473 ,0.6594 
E01043,-0.2500 ,0.0215 
E01044,-0.6936 ,0.0000 
E01047,-0.0866 ,0.4299 
E01048,-1.2977 ,0.1797 
E01049,0.6090 ,0.0000 
E01050,-0.0545 ,0.4319 
E01052,-0.1768 ,0.4058 
E01053,-0.4570 ,0.0000 
E01055,0.3453 ,0.0000 
E01056,-0.4543 ,0.0000 
E01057,1.5620 ,0.0000 
E01058,0.2389 ,0.0018 
E01059,0.0723 ,0.4772 
E01060,0.3214 ,0.0001 
E01061,0.7519 ,0.0000 
E01062,0.2580 ,0.0454 
E01064,-0.2590 ,0.0000 
E01065,0.5957 ,0.0000 
E01066,0.4750 ,0.9610 
E01068,-0.2927 ,0.0000 
E01069,-1.0689 ,0.0000 
E01070,-0.0715 ,0.2056 
E01071,0.4744 ,0.0119 
E01072,-0.1085 ,0.1057 
E01073,1.0659 ,0.0000 
E01074,-0.3748 ,0.0011 
E01079,-0.5177 ,0.0000 
E01080,0.3492 ,0.0000 
E01081,-1.5878 ,0.0000 
E01082,-0.2105 ,0.3533 
E01083,-0.8720 ,0.0000 
E01086,-0.4896 ,0.0000 
E01088,0.2589 ,0.0185 
E01090,-0.0254 ,0.9556 
E01091,-0.6315 ,0.0000 
E01092,-0.3675 ,1.0000 
E01094,0.3309 ,0.0066 
E01098,0.5496 ,0.0000 
E01099,0.4764 ,0.0013 
E01101,0.1531 ,0.0161 
E01104,-0.6640 ,0.0000 
E01106,0.5398 ,0.0000 
E01107,-1.3949 ,0.0000 
E01108,0.4565 ,0.0000 
E01111,-0.3669 ,0.0013 
E01113,0.6921 ,0.0000 
E01114,-1.2209 ,0.0000 
E01115,0.7640 ,0.0000 
E01117,-0.0115 ,1.0000 
E01120,-0.7387 ,0.0000 
E01123,-1.3326 ,0.0000 
E01124,0.7557 ,0.0000 
E01126,-0.5420 ,0.0000 
E01128,-0.6935 ,0.0001 
E01129,-0.2832 ,0.0014 
E01130,7.0006 ,0.0000 
E01134,0.2001 ,0.0192 
E01135,0.8683 ,0.0000 
E01136,-0.2572 ,0.0000 
E01138,1.2059 ,0.0000 
E01139,0.0924 ,0.1090 
E01141,5.5215 ,0.0000 
E01142,0.0600 ,0.4041 
E01143,-0.1001 ,0.2862 
E01148,-0.4301 ,0.0000 
E01149,-0.6664 ,0.0000 
E01151,-1.0528 ,0.0000 
E01152,-0.6661 ,0.8475 
E01153,-2.3266 ,0.0185 
E01156,-0.4212 ,0.0000 
E01157,-1.0681 ,0.2786 
E01158,-0.8034 ,0.0000 
E01161,0.7795 ,0.0000 
E01163,-0.2161 ,0.0014 
E01165,0.4750 ,0.9610 
E01167,4.5835 ,0.0000 
E01169,0.1121 ,0.6762 
E01170,0.2806 ,0.0000 
E01171,0.2698 ,0.0010 
E01172,0.0522 ,0.1431 
E01173,3.1036 ,0.0000 
E01174,2.2583 ,0.0000 
E01177,-0.2259 ,0.0023 
E01178,-0.3245 ,0.0000 
E01181,-0.9724 ,0.0000 
E01182,0.2084 ,0.0019 
E01183,0.4486 ,0.9610 
E01184,-0.1260 ,0.1821 
E01185,1.4355 ,0.0000 
E01187,0.0532 ,0.9610 
E01189,-1.5419 ,0.0000 
E01190,0.0845 ,0.1017 
E01191,0.0962 ,0.3233 
E01192,0.3260 ,0.0000 
E01193,0.1138 ,0.8635 
E01194,-0.4904 ,0.0000 
E01195,-1.9193 ,0.0000 
E01198,-0.6343 ,0.0092 
E01199,-0.0726 ,0.6702 
E01201,0.5083 ,0.0000 
E01203,0.1676 ,0.0087 
E01204,0.2236 ,0.0000 
E01205,-0.5506 ,0.0000 
E01210,-0.2946 ,0.0012 
E01211,0.3074 ,0.0000 
E01213,-0.0188 ,1.0000 
E01214,-1.6313 ,0.0000 
E01215,0.0364 ,0.8666 
E01216,1.9156 ,0.0000 
E01217,2.5162 ,0.0000 
E01219,1.5357 ,0.1555 
E01222,-0.1836 ,0.0086 
E01223,-0.4810 ,0.0000 
E01224,-0.8841 ,0.0000 
E01225,-0.1223 ,0.1785 
E01227,-0.8221 ,0.0000 
E01228,-0.7131 ,0.0000 
E01229,-2.3377 ,0.0000 
E01232,-0.2152 ,0.2074 
E01235,-0.1110 ,0.0004 
E01236,-0.4209 ,0.0001 
E01237,-0.0518 ,0.4189 
E01238,0.7215 ,0.0000 
E01239,-1.8210 ,0.0000 
E01241,0.1161 ,0.3053 
E01242,-3.2915 ,0.0000 
E01243,0.2717 ,0.0000 
E01245,1.0326 ,0.0000 
E01247,0.7394 ,0.0000 
E01249,-3.0159 ,0.0000 
E01250,-0.5617 ,0.0000 
E01251,2.7361 ,0.0010 
E01252,1.1196 ,0.0000 
E01253,-0.8068 ,0.0000 
E01254,-3.8437 ,0.0000 
E01255,0.1395 ,0.1961 
E01256,-0.0248 ,0.6872 
E01258,0.1891 ,0.0550 
E01259,1.4610 ,0.0000 
E01260,0.3503 ,0.0912 
E01261,0.8923 ,0.3516 
E01265,0.2705 ,0.0222 
E01269,0.2182 ,0.0000 
E01270,0.0357 ,0.7485 
E01271,0.6776 ,0.0000 
E01272,-0.8855 ,0.0000 
E01273,0.2795 ,0.0036 
E01274,1.0754 ,0.0000 
E01276,-0.1467 ,0.1354 
E01277,-0.3271 ,0.0019 
E01278,-0.4809 ,0.0000 
E01283,0.0619 ,0.4506 
E01285,-0.8570 ,0.0000 
E01287,0.8366 ,0.6844 
E01288,-1.0629 ,0.0001 
E01289,-0.1527 ,0.1423 
E01293,-0.3159 ,0.0000 
E01294,0.6253 ,0.0000 
E01295,-0.3754 ,0.0000 
E01296,0.7231 ,0.0000 
E01297,1.2095 ,0.0000 
E01299,-0.8351 ,0.0000 
E01300,-0.3193 ,0.0000 
E01302,1.0845 ,0.0000 
E01303,0.1958 ,0.0004 
E01304,0.9790 ,0.0000 
E01309,0.7471 ,0.0000 
E01311,-0.1968 ,0.0865 
E01312,0.0235 ,0.9290 
E01313,2.1281 ,0.0000 
E01314,-0.5501 ,0.0000 
E01315,1.7326 ,0.2147 
E01316,0.4679 ,0.0000 
E01317,0.4535 ,0.0000 
E01323,0.4039 ,0.0001 
E01324,-0.1402 ,0.9610 
E01325,-0.9309 ,0.0000 
E01329,-2.3172 ,0.0000 
E01331,0.2379 ,0.0015 
E01335,0.1586 ,0.0480 
E01336,-0.2847 ,0.0172 
E01337,0.0644 ,0.5875 
E01338,0.8318 ,0.6844 
E01339,-0.6085 ,0.0000 
E01341,0.5280 ,0.0356 
E01342,1.4168 ,0.0033 
E01344,-1.1777 ,0.0000 
E01345,0.4538 ,0.0000 
E01346,-0.1171 ,0.0361 
E01348,0.3487 ,0.0000 
E01349,0.7815 ,0.0000 
E01350,-0.1688 ,0.0376 
E01351,0.1826 ,0.0000 
E01352,-0.0233 ,0.7341 
E01353,-0.4337 ,0.0001 
E01355,0.3452 ,0.0000 
E01357,0.5362 ,0.0118 
E01360,-0.5916 ,0.1263 
E01367,3.1418 ,0.0000 
E01368,8.3309 ,0.0000 
E01369,1.4066 ,0.0296 
E01374,3.7598 ,0.0000 
E01375,0.4820 ,0.0108 
E01376,-0.4309 ,0.0004 
E01377,-0.2798 ,0.0000 
E01378,0.1580 ,0.3604 
E01379,1.1196 ,0.4063 
E01383,-0.7897 ,0.0000 
E01385,-1.8070 ,0.0000 
E01389,-2.7882 ,0.0000 
E01391,-2.5053 ,0.0000 
E01392,1.5606 ,0.4803 
E01396,0.3117 ,0.0001 
E01397,-0.1319 ,0.2001 
E01402,-0.2660 ,0.0004 
E01404,0.1245 ,0.3679 
E01407,0.5930 ,0.0402 
E01408,6.1752 ,0.0000 
E01409,-0.4402 ,0.0000 
E01410,-0.3282 ,0.0000 
E01412,-1.4502 ,0.2551 
E01414,-0.0823 ,0.6800 
E01415,0.1134 ,0.0066 
E01416,0.1877 ,0.0402 
E01417,-0.5707 ,0.0000 
E01418,0.8637 ,0.0000 
E01419,-0.9943 ,0.0000 
E01420,0.0613 ,0.4921 
E01422,2.4499 ,0.0220 
E01424,0.0828 ,0.4415 
E01425,1.8073 ,0.0000 
E01426,0.5757 ,0.0000 
E01427,0.8348 ,0.0000 
E01428,0.4187 ,0.0502 
E01429,0.1202 ,0.2397 
E01430,-0.0827 ,0.4225 
E01431,-0.8406 ,0.0000 
E01432,0.1645 ,0.1161 
E01435,-1.2758 ,0.0000 
E01436,0.5151 ,0.0000 
E01439,1.7573 ,0.0000 
E01440,-0.5122 ,0.0000 
E01441,0.2834 ,0.0000 
E01442,0.0869 ,0.0436 
E01443,-0.2839 ,0.0015 
E01448,-0.0456 ,0.3643 
E01449,-0.2165 ,0.0008 
E01450,0.0788 ,0.5056 
E01452,-0.6317 ,0.0107 
E01453,0.1162 ,0.0012 
E01454,0.2705 ,0.0000 
E01455,-0.7827 ,0.0000 
E01456,-0.4458 ,0.0000 
E01457,-0.0393 ,0.8256 
E01465,-0.4948 ,0.0000 
E01469,1.9911 ,0.0000 
E01470,0.4052 ,0.0000 
E01474,3.6127 ,0.0000 
E01476,1.3435 ,0.2531 
E01478,0.0128 ,1.0000 
E01479,0.1775 ,0.0000 
E01480,1.6725 ,0.0000 
E01483,-0.1245 ,0.2255 
E01484,1.1373 ,0.0000 
E01488,-0.0037 ,0.9556 
E01489,1.5228 ,0.0000 
E01490,-0.6004 ,0.0000 
E01492,1.6573 ,0.0000 
E01493,-0.2853 ,0.0094 
E01494,-0.7054 ,0.0000 
E01499,-0.6063 ,0.4511 
E01500,-0.6898 ,0.0000 
E01501,0.5623 ,0.0000 
E01506,2.2015 ,0.0000 
E01514,0.9976 ,0.0000 
E01515,-0.3753 ,0.0000 
E01516,2.2925 ,0.0000 
E01517,-0.9364 ,0.0000 
E01518,-0.7048 ,0.0000 
E01519,1.9964 ,0.0000 
E01520,3.5358 ,0.0000 
E01524,0.4611 ,0.0000 
E01525,-0.5765 ,0.0000 
E01527,0.1063 ,0.5512 
E01528,3.8324 ,0.0000 
E01531,0.8679 ,0.0000 
E01544,0.4750 ,0.9610 
E01547,0.3655 ,0.0000 
E01548,0.0410 ,0.2437 
E01551,-0.2869 ,0.0000 
E01554,0.4860 ,0.0941 
E01555,-0.3962 ,0.0000 
E01557,2.7168 ,0.0000 
E01559,0.5820 ,0.0000 
E01573,0.6778 ,0.0000 
E01575,6.4193 ,0.0000 
E01580,-1.2965 ,0.4027 
E01582,0.0810 ,0.6423 
E01584,2.1435 ,0.0002 
E01585,0.5058 ,0.0000 
E01592,-0.1671 ,0.0000 
E01593,0.0061 ,0.9881 
E01596,-1.3088 ,0.0000 
E01597,0.6844 ,0.0000 
E01598,-0.5641 ,0.0000 
E01599,0.6206 ,0.0000 
E01602,-0.3476 ,0.0000 
E01603,0.5659 ,0.0001 
E01607,-1.5778 ,0.0000 
E01608,0.7617 ,0.0000 
E01609,-0.2528 ,0.0353 
E01611,0.0775 ,0.0288 
E01613,-0.3156 ,0.0000 
E01616,0.8806 ,0.0000 
E01618,-0.2370 ,0.7981 
E01620,0.2287 ,0.0283 
E01621,0.3701 ,0.0232 
E01622,1.9305 ,0.0073 
E01623,-0.2758 ,0.0002 
E01627,-0.5419 ,0.0818 
E01628,1.5199 ,0.0000 
E01629,-0.0330 ,0.6671 
E01632,-0.5926 ,0.0000 
E01633,0.2376 ,0.0000 
E01640,-0.2538 ,0.0205 
E01642,0.2963 ,0.0000 
E01643,-0.1565 ,0.0760 
E01644,1.1236 ,0.5888 
E01645,1.5527 ,0.0000 
E01647,-0.6803 ,0.0000 
E01653,-0.2622 ,0.0105 
E01654,0.2509 ,0.0052 
E01656,0.4750 ,0.9610 
E01657,0.1327 ,0.0058 
E01658,5.0233 ,0.0000 
E01662,-0.3461 ,0.0000 
E01679,0.4781 ,0.9610 
E01680,-0.1695 ,0.1662 
E01681,-0.0340 ,0.6079 
E01682,0.7340 ,0.0000 
E01684,0.0942 ,1.0000 
E01686,-1.0872 ,0.0000 
E01687,-0.6232 ,0.0000 
E01689,0.1660 ,0.0905 
E01691,-2.2502 ,0.0054 
E01692,0.8106 ,0.0000 
E01699,-0.8101 ,0.0000 
E01700,-0.2902 ,0.0052 
E01701,-1.2462 ,0.0000 
E01704,-0.9730 ,0.0000 
E01706,1.7815 ,0.0000 
E01707,1.5554 ,0.0000 
E01708,-0.5098 ,0.0000 
E01709,0.5131 ,0.0000 
E01710,-0.0918 ,0.0992 
E01711,-2.8545 ,0.0000 
E01712,-0.8215 ,0.0000 
E01713,-0.2481 ,0.0190 
E01714,-3.1065 ,0.0000 
E01715,-1.1661 ,0.0000 
E01717,-0.1447 ,0.0092 
E01719,-0.6558 ,0.0000 
E01720,-1.4458 ,0.0000 
E01724,-0.9423 ,0.0007 
E01726,1.4283 ,0.0000 
E01727,-0.2332 ,0.0053 
E01728,-0.8478 ,0.0000 
E01729,-1.2347 ,0.0000 
E01730,-0.8071 ,0.0000 
E01733,0.1874 ,0.0000 
E01736,0.9961 ,0.0000 
E01738,-0.3789 ,0.0006 
E01739,0.5460 ,0.4752 
E01746,1.9558 ,0.4319 
E01747,-0.0610 ,0.7905 
E01750,-0.5914 ,0.0025 
E01752,0.1964 ,0.1653 
E01754,0.3878 ,0.0099 
E01757,-2.6764 ,0.0000 
E01758,1.1020 ,0.0000 
E01762,-0.2754 ,0.0000 
E01764,-0.1764 ,0.0068 
E01766,-2.2893 ,0.0000 
E01767,0.3722 ,0.0168 
E01769,-1.0425 ,0.0000 
E01770,-1.1357 ,0.0066 
E01773,0.1334 ,0.1569 
E01774,-0.3113 ,0.0004 
E01776,0.4781 ,0.9610 
E01777,-0.6632 ,0.8475 
E01781,-0.7731 ,0.0000 
E01782,-0.0506 ,0.5229 
E01783,0.1968 ,0.0000 
E01785,-0.5150 ,0.0000 
E01786,0.3693 ,0.0000 
E01789,-0.2599 ,0.0001 
E01792,1.1126 ,0.1031 
E01793,-0.9539 ,0.0000 
E01794,-0.0890 ,1.0000 
E01796,2.3348 ,0.0000 
E01797,0.1009 ,0.2218 
E01803,0.2197 ,0.0000 
E01804,-0.7155 ,0.0000 
E01807,-0.6222 ,0.0000 
E01808,0.6081 ,0.0000 
E01811,-0.2466 ,0.0001 
E01813,0.1014 ,0.0422 
E01815,0.5763 ,0.0000 
E01816,0.3294 ,0.0007 
E01817,-0.3564 ,0.0000 
E01820,0.1692 ,0.1513 
E01821,-0.9059 ,0.6410 
E01823,-0.1572 ,0.0123 
E01825,-1.9803 ,0.0000 
E01827,2.4620 ,0.0000 
E01828,-0.1750 ,0.0008 
E01829,0.8710 ,0.0000 
E01830,-0.4393 ,0.0169 
E01833,0.7742 ,0.0000 
E01834,0.4764 ,0.0000 
E01837,8.3152 ,0.0000 
E01839,0.1901 ,1.0000 
E01840,0.2322 ,1.0000 
E01842,0.0431 ,0.6640 
E01843,-0.6710 ,0.0000 
E01844,-0.4342 ,0.0006 
E01845,-0.3047 ,0.0000 
E01847,0.3770 ,0.0003 
E01849,-0.0038 ,0.9620 
E01851,6.0641 ,0.0000 
E01852,0.4184 ,0.0000 
E01854,-0.6040 ,0.1672 
E01858,2.2900 ,0.0000 
E01859,0.4272 ,0.0003 
E01860,1.6868 ,0.0297 
E01861,1.3647 ,0.0000 
E01862,-0.0203 ,0.6305 
E01864,0.9455 ,0.1647 
E01867,0.3074 ,0.0020 
E01868,-0.5296 ,0.0000 
E01869,-0.7117 ,0.5615 
E01870,0.0540 ,0.3039 
E01872,-2.2298 ,0.0072 
E01873,-3.5810 ,0.0000 
E01874,1.4166 ,0.0000 
E01875,-0.1693 ,0.0229 
E01876,0.1580 ,0.6336 
E01877,-0.5066 ,0.0000 
E01878,0.4979 ,0.0000 
E01880,0.5679 ,0.0000 
E01884,1.0284 ,0.0000 
E01885,-0.1472 ,0.0316 
E01886,-0.1547 ,0.0213 
E01888,-0.2526 ,0.0000 
E01889,-0.0486 ,0.4058 
E01890,-0.5051 ,0.0000 
E01891,-0.6223 ,0.0003 
E01892,-0.2047 ,1.0000 
E01893,0.1302 ,0.0008 
E01908,0.3015 ,0.2775 
E01911,-0.8061 ,0.0005 
E01912,-0.6632 ,0.8475 
E01915,3.5515 ,0.0000 
E01916,0.8366 ,0.6844 
E01923,-0.1850 ,1.0000 
E01924,-1.5783 ,0.3763 
E01926,-0.7946 ,0.0000 
E01928,-0.6414 ,0.0000 
E01930,0.4172 ,0.0000 
E01931,1.1503 ,0.0000 
E01942,1.7093 ,0.0951 
E01953,-0.7121 ,0.0001 
E01956,0.5572 ,0.0000 
E01958,0.3183 ,0.0000 
E01959,1.3952 ,0.0000 
E01960,-1.0628 ,0.3371 
E01962,2.3955 ,0.0002 
E01963,1.4537 ,0.0000 
E01964,-0.4150 ,0.0000 
E01971,-1.9766 ,0.0000 
E01976,0.4781 ,0.9610 
E01979,1.1888 ,0.0000 
E01982,0.0861 ,0.2988 
E01986,0.4462 ,0.9290 
E01989,-0.5974 ,0.0000 
E01991,-0.1539 ,0.0006 
E01992,0.2547 ,0.0000 
E01996,0.3741 ,0.0000 
E02001,0.7359 ,0.0000 
E02004,1.8273 ,0.0000 
E02005,-0.7216 ,0.0004 
E02012,-0.0449 ,0.7873 
E02013,6.1447 ,0.0000 
E02014,0.9913 ,0.0187 
E02021,-0.7772 ,0.0000 
E02024,1.5607 ,0.0000 
E02026,1.2065 ,0.0000 
E02028,-0.3047 ,0.0000 
E02031,1.0365 ,0.3216 
E02032,0.4667 ,0.0000 
E02035,0.2191 ,0.1115 
E02036,-0.7386 ,0.0000 
E02039,-0.6998 ,0.0000 
E02040,0.0596 ,0.5843 
E02041,-1.4232 ,0.0000 
E02042,1.0837 ,0.4097 
E02044,0.2311 ,0.1491 
E02045,1.6656 ,0.0000 
E02046,-1.5810 ,0.1412 
E02050,-0.6819 ,0.0000 
E02051,0.1480 ,0.0007 
E02052,-0.7432 ,0.0000 
E02053,1.7012 ,0.0000 
E02054,-0.1021 ,0.2653 
E02055,0.0925 ,0.4546 
E02057,-1.6402 ,0.0000 
E02061,-0.4313 ,0.0000 
E02069,0.1977 ,0.0340 
E02070,0.2988 ,0.9131 
E02072,-1.6100 ,0.0000 
E02073,2.5252 ,0.0000 
E02074,-1.2985 ,0.0000 
E02075,-0.3597 ,0.0000 
E02079,0.7985 ,0.0000 
E02080,-0.9892 ,0.0000 
E02085,-0.5188 ,0.8047 
E02089,1.6787 ,0.0000 
E02091,-0.3925 ,0.0000 
E02092,-0.1521 ,0.6541 
E02093,-1.1124 ,0.0000 
E02094,0.5569 ,0.0000 
E02097,-0.4114 ,0.0008 
E02100,0.3501 ,0.0004 
E02101,-0.1059 ,0.2544 
E02104,-0.2322 ,0.0009 
E02105,0.3991 ,0.0000 
E02106,-0.0989 ,0.1232 
E02110,0.3393 ,0.0860 
E02112,0.1593 ,0.0324 
E02115,-0.7417 ,0.0000 
E02116,0.4750 ,0.9610 
E02117,3.1106 ,0.0001 
E02120,0.4467 ,0.8639 
E02121,-0.6813 ,0.0000 
E02122,-0.1504 ,0.1092 
E02125,0.4149 ,0.0000 
E02126,0.0473 ,0.7647 
E02128,-0.4683 ,0.0000 
E02129,-0.8757 ,0.0000 
E02130,1.1236 ,0.5888 
E02134,0.6961 ,0.0008 
E02135,-0.7545 ,0.0000 
E02137,-0.0087 ,0.9844 
E02139,1.4964 ,0.0000 
E02141,4.5504 ,0.0000 
E02142,-0.8374 ,0.0000 
E02144,-0.0465 ,0.5013 
E02145,-3.4075 ,0.0000 
E02146,-0.9897 ,0.0000 
E02149,-1.1036 ,0.4765 
E02152,-0.0306 ,0.7871 
E02153,-0.0937 ,0.4169 
E02154,1.6792 ,0.1255 
E02158,0.1391 ,0.3976 
E02159,-2.2588 ,0.0000 
E02161,0.2686 ,0.4762 
E02163,0.1821 ,0.0006 
E02164,-2.2687 ,0.0005 
E02165,-0.5428 ,0.0002 
E02167,-0.3948 ,0.6844 
E02169,-0.6307 ,0.6224 
E02171,0.2355 ,0.3621 
E02174,1.3418 ,0.2756 
E02175,-0.4551 ,0.0000 
E02176,-0.4734 ,0.0000 
E02177,0.0648 ,0.5331 
E02178,0.4698 ,0.0000 
E02180,-0.7888 ,0.0000 
E02181,-0.4764 ,0.0046 
E02182,0.3568 ,0.0000 
E02185,0.7239 ,0.0000 
E02186,0.4089 ,0.0000 
E02188,-2.9832 ,0.0000 
E02191,0.3741 ,0.0296 
E02192,0.1048 ,0.4685 
E02194,-0.0525 ,0.6914 
E02196,-1.0348 ,0.0000 
E02199,-0.1516 ,0.0155 
E02203,0.2061 ,0.0248 
E02204,0.3313 ,0.4438 
E02205,-0.1871 ,0.0000 
E02207,-0.0677 ,0.5249 
E02208,0.1123 ,0.4336 
E02210,-0.2997 ,0.0014 
E02212,-0.6658 ,0.4326 
E02214,0.9549 ,0.0000 
E02215,1.2335 ,0.0000 
E02216,-1.2702 ,0.0000 
E02217,3.1459 ,0.0000 
E02218,-1.3583 ,0.0000 
E02224,1.1196 ,0.4063 
E02225,-0.0986 ,0.0105 
E02227,0.0821 ,0.4283 
E02229,1.2168 ,0.0000 
E02232,-1.1755 ,0.0000 
E02238,-1.9313 ,0.0000 
E02240,0.1637 ,0.0176 
E02241,0.3348 ,0.0249 
E02244,-0.6042 ,0.0000 
E02246,0.0768 ,0.0909 
E02247,-0.0140 ,0.9212 
E02248,-1.1387 ,0.0000 
E02251,-1.1608 ,0.0000 
E02253,0.3262 ,0.1152 
E02254,-0.7453 ,0.0000 
E02255,-1.6577 ,0.0000 
E02256,-0.3181 ,0.8475 
E02258,3.2190 ,0.0000 
E02262,0.1064 ,0.1198 
E02265,-0.1752 ,1.0000 
E02266,3.3963 ,0.0000 
E02267,0.1050 ,0.5668 
E02270,-0.0057 ,0.9283 
E02271,-0.0047 ,0.9831 
E02272,-0.1652 ,0.1314 
E02273,1.1248 ,0.0000 
E02275,1.3789 ,0.0000 
E02276,0.2299 ,0.5168 
E02278,-0.9202 ,0.0000 
E02280,0.5012 ,0.0000 
E02285,0.4486 ,0.9610 
E02289,-0.0634 ,1.0000 
E02291,-0.0471 ,0.7803 
E02292,0.4099 ,0.0000 
E02294,-0.1784 ,0.2457 
E02301,-0.2241 ,0.0000 
E02303,-1.3925 ,0.0043 
E02305,1.1024 ,0.0000 
E02309,0.7980 ,0.0000 
E02312,-0.9851 ,0.0000 
E02314,0.4486 ,0.9610 
E02318,2.0835 ,0.0000 
E02319,-1.5343 ,0.0000 
E02320,0.3082 ,0.0000 
E02322,0.1144 ,1.0000 
E02323,-0.0470 ,0.8354 
E02327,2.0754 ,0.0000 
E02331,-3.5876 ,0.0000 
E02332,-0.8861 ,0.0047 
E02336,1.3209 ,0.0000 
E02338,-0.6542 ,0.0000 
E02339,1.1406 ,0.0000 
E02341,-0.5084 ,0.0000 
E02342,-0.4815 ,0.0000 
E02343,0.3614 ,0.0000 
E02345,0.5994 ,0.0083 
E02346,0.8366 ,0.6844 
E02347,0.6707 ,0.0000 
E02349,-0.3508 ,0.0000 
E02350,0.9374 ,0.2365 
E02352,-0.1874 ,0.0302 
E02353,-0.4891 ,0.0000 
E02358,-1.0098 ,0.0000 
E02360,-0.4913 ,0.0459 
E02361,-1.2758 ,0.0000 
E02364,0.9664 ,0.0000 
E02365,-1.5075 ,0.0000 
E02368,-0.3975 ,0.0000 
E02369,0.3323 ,0.0000 
E02372,-2.4081 ,0.0000 
E02373,0.1004 ,0.2079 
E02376,0.4572 ,0.0000 
E02378,0.4436 ,0.0000 
E02381,1.4925 ,0.0000 
E02385,0.4750 ,0.9610 
E02387,0.9409 ,0.0000 
E02388,-0.2445 ,0.0001 
E02389,0.6098 ,0.0000 
E02391,-1.4428 ,0.2562 
E02393,-0.0988 ,0.0004 
E02394,-0.1254 ,0.0005 
E02396,-2.5223 ,0.0010 
E02397,2.8694 ,0.0000 
E02403,-1.1109 ,0.0000 
E02407,-0.2304 ,0.0375 
E02408,0.1086 ,0.7537 
E02413,-1.8045 ,0.0000 
E02414,-1.4835 ,0.0000 
E02418,0.7909 ,0.0000 
E02419,-2.5276 ,0.0000 
E02420,-0.2546 ,0.0000 
E02423,0.5784 ,0.0000 
E02425,-0.6224 ,0.0000 
E02428,-2.9556 ,0.0000 
E02429,3.0214 ,0.0000 
E02433,0.3561 ,0.0000 
E02434,0.5866 ,0.0000 
E02436,1.2711 ,0.0000 
E02440,0.4850 ,0.0000 
E02443,0.5340 ,0.0000 
E02449,0.2683 ,0.0000 
E02450,0.3922 ,0.0000 
E02451,-3.3499 ,0.0000 
E02452,-0.3494 ,0.0000 
E02454,0.3987 ,0.0000 
E02456,0.7802 ,0.2252 
E02459,-1.1108 ,0.4752 
E02460,2.9517 ,0.0000 
E02461,-0.0113 ,0.9084 
E02468,0.4335 ,0.0000 
E02469,-0.5298 ,0.0173 
E02470,1.9069 ,0.0000 
E02471,0.4856 ,0.0322 
E02473,-0.7566 ,0.0000 
E02474,0.7573 ,0.0000 
E02478,-0.0505 ,0.7936 
E02480,-0.6701 ,0.0000 
E02487,1.0545 ,0.1823 
E02488,-0.6606 ,0.0000 
E02496,1.0768 ,0.0001 
E02501,-0.1123 ,1.0000 
E02504,-1.5542 ,0.0110 
E02506,1.2163 ,0.0000 
E02509,0.5106 ,0.0000 
E02511,-0.2563 ,0.8012 
E02512,-0.6007 ,0.0000 
E02514,0.1379 ,0.1083 
E02516,-0.1106 ,0.2640 
E02520,-0.1800 ,0.0002 
E02524,2.3056 ,0.0000 
E02525,-0.8662 ,0.0000 
E02529,-0.5349 ,0.0000 
E02536,0.3038 ,0.0001 
E02537,0.9852 ,0.0000 
E02538,0.7135 ,0.0000 
E02539,-1.1503 ,0.3997 
E02540,3.2241 ,0.0000 
E02541,-0.3060 ,0.0000 
E02542,-0.0344 ,0.8081 
E02544,1.1121 ,0.0000 
E02545,-0.5753 ,0.0000 
E02546,-0.9743 ,0.0000 
E02548,-4.5774 ,0.0000 
E02549,-0.5857 ,0.0025 
E02553,-0.6662 ,0.0000 
E02555,-1.0237 ,0.0000 
E02556,1.0884 ,0.0000 
E02563,0.8200 ,0.0000 
E02568,0.3486 ,0.1670 
E02569,-0.3341 ,0.0002 
E02571,0.1070 ,1.0000 
E02572,-0.0504 ,1.0000 
E02574,-0.0831 ,0.3849 
E02575,-0.5701 ,0.0000 
E02578,0.5848 ,0.3295 
E02579,0.5283 ,0.0000 
E02580,-0.0432 ,0.7632 
E02583,-1.1108 ,0.4752 
E02585,-0.0014 ,1.0000 
E02592,1.1399 ,0.0000 
E02593,0.9658 ,0.0185 
E02595,1.4474 ,0.0000 
E02598,0.4152 ,0.8635 
E02599,1.9690 ,0.0001 
E02602,0.8112 ,0.6421 
E02607,-0.1834 ,0.0143 
E02609,0.4077 ,0.0002 
E02610,0.6781 ,0.0000 
E02612,-0.1053 ,0.3448 
E02615,-0.1771 ,0.0022 
E02616,-1.1014 ,0.4768 
E02618,0.8439 ,0.0000 
E02624,-0.5307 ,0.3774 
E02625,0.1556 ,0.0279 
E02626,1.4034 ,0.0001 
E02627,0.1651 ,0.0068 
E02630,0.3085 ,0.0000 
E02632,1.0507 ,0.0000 
E02635,0.0178 ,0.9007 
E02636,-0.6887 ,0.0000 
E02640,0.4781 ,0.9610 
E02642,0.5236 ,0.0000 
E02643,-0.1168 ,0.0492 
E02644,-0.5041 ,0.0000 
E02645,-0.5986 ,0.0000 
E02652,1.3501 ,0.0000 
E02653,1.2355 ,0.0000 
E02657,1.7489 ,0.0000 
E02659,1.6360 ,0.0000 
E02660,1.8496 ,0.0000 
E02662,1.1367 ,0.0000 
E02664,-0.2220 ,0.0126 
E02667,-0.5184 ,0.5386 
E02669,-0.8066 ,0.0000 
E02671,-0.3377 ,0.0000 
E02680,-1.1130 ,0.0000 
E02682,-0.3585 ,0.0000 
E02691,0.7336 ,0.6781 
E02693,-0.0709 ,0.1384 
E02695,-0.3026 ,0.0038 
E02697,-0.4790 ,0.0000 
E02701,-0.7811 ,0.2105 
E02705,-0.5758 ,0.0000 
E02708,0.6291 ,0.0000 
E02710,0.3025 ,0.0395 
E02711,1.0430 ,0.0000 
E02713,-0.1527 ,0.2227 
E02714,0.2364 ,0.0076 
E02721,0.7509 ,0.0000 
E02722,-0.3562 ,0.0000 
E02723,1.8328 ,0.0092 
E02724,-0.0944 ,0.0740 
E02728,0.0827 ,0.8485 
E02730,1.2231 ,0.0726 
E02735,-0.4169 ,0.0000 
E02736,0.5067 ,0.0004 
E02746,-0.5646 ,0.0000 
E02748,0.5618 ,0.0000 
E02749,0.1540 ,0.0000 
E02751,0.0216 ,0.9518 
E02753,-0.3297 ,0.0011 
E02754,0.5285 ,0.0000 
E02755,0.4693 ,0.0000 
E02757,0.7423 ,0.0000 
E02759,0.8793 ,0.0000 
E02763,0.3973 ,0.0000 
E02764,0.1841 ,0.0439 
E02767,0.3934 ,0.0000 
E02768,-1.9885 ,0.0002 
E02771,-3.7909 ,0.0000 
E02773,4.8892 ,0.0000 
E02775,0.5130 ,0.0000 
E02776,5.5619 ,0.0000 
E02778,0.6091 ,0.0000 
E02781,-0.2754 ,0.0005 
E02784,0.4517 ,0.0287 
E02789,2.7354 ,0.0010 
E02790,0.0331 ,0.8780 
E02791,0.2343 ,0.6276 
E02792,-3.3899 ,0.0000 
E02793,2.5042 ,0.0000 
E02794,1.1028 ,0.4078 
E02795,-0.4365 ,0.0001 
E02797,0.2235 ,0.5009 
E02800,-1.0406 ,0.0000 
E02802,1.0216 ,0.0000 
E02807,0.1201 ,0.0011 
E02810,0.2915 ,0.0072 
E02811,-1.3842 ,0.0000 
E02812,1.3145 ,0.2560 
E02813,0.2487 ,0.0244 
E02818,-0.2071 ,0.0000 
E02820,1.2281 ,0.0000 
E02821,-0.4343 ,0.0000 
E02823,-0.0540 ,0.3174 
E02826,0.1790 ,0.1200 
E02827,0.4618 ,0.0000 
E02828,-0.9122 ,0.0000 
E02831,0.4351 ,0.8426 
E02832,1.6524 ,0.0000 
E02833,0.2300 ,0.0001 
E02835,0.8869 ,0.0000 
E02838,0.2182 ,0.0023 
E02839,-1.0090 ,0.0000 
E02840,-0.0079 ,0.6956 
E02841,-0.0594 ,0.2908 
E02843,1.3535 ,0.0000 
E02844,0.8181 ,0.0000 
E02848,-0.3001 ,0.0000 
E02851,0.0580 ,0.3744 
E02852,-0.5830 ,0.0000 
E02855,0.0962 ,0.1288 
E02860,0.4814 ,0.0000 
E02862,-1.1889 ,0.0000 
E02863,0.9442 ,0.0000 
E02864,-0.2999 ,0.0000 
E02866,-2.0423 ,0.0000 
E02871,0.3303 ,0.0000 
E02873,2.1606 ,0.0206 
E02874,0.0530 ,0.7941 
E02875,0.3391 ,0.0000 
E02876,-1.1087 ,0.0000 
E02879,-0.7178 ,0.0000 
E02881,-2.0154 ,0.0000 
E02882,-0.5652 ,0.0000 
E02883,-1.4092 ,0.0000 
E02884,0.0368 ,0.7715 
E02886,1.6011 ,0.0000 
E02889,-0.3712 ,1.0000 
E02890,1.6159 ,0.0000 
E02894,0.3168 ,0.0000 
E02895,-0.6814 ,0.0000 
E02896,-1.2017 ,0.0000 
E02898,0.7317 ,0.0000 
E02899,-0.2902 ,0.0005 
E02903,-0.0451 ,0.3924 
E02904,-0.6632 ,0.8475 
E02905,-0.6951 ,0.2356 
E02908,-0.8594 ,0.0000 
E02911,0.8112 ,0.6421 
E02912,-0.3666 ,0.0000 
E02914,-0.7889 ,0.0000 
E02915,-0.1589 ,0.1209 
E02916,1.1905 ,0.3368 
E02917,-0.6182 ,0.7788 
E02919,0.7982 ,0.0000 
E02922,0.6781 ,0.0196 
E02925,0.0042 ,1.0000 
E02926,-0.6511 ,0.0000 
E02928,0.6675 ,0.0000 
E02930,-3.0830 ,0.0000 
E02932,0.2262 ,0.0178 
E02934,0.8600 ,0.0000 
E02935,0.2509 ,0.0000 
E02937,-2.3494 ,0.0770 
E02940,0.1218 ,0.0002 
E02941,-1.1174 ,0.0000 
E02943,0.2439 ,0.0102 
E02944,0.8897 ,0.0000 
E02946,1.2015 ,0.0000 
E02947,-3.7392 ,0.0000 
E02948,-1.2877 ,0.0000 
E02949,-0.9552 ,0.0000 
E02950,0.8095 ,0.0000 
E02953,-2.1599 ,0.0000 
E02956,-0.5208 ,0.0000 
E02959,-0.9670 ,0.0000 
E02963,-1.3270 ,0.0000 
E02964,5.7372 ,0.0000 
E02968,0.2537 ,0.8202 
E02969,-0.2009 ,0.0096 
E02970,-2.4861 ,0.0000 
E02972,-0.1816 ,1.0000 
E02975,-1.2970 ,0.3493 
E02976,1.8636 ,0.0003 
E02977,-0.0272 ,0.8538 
E02978,0.2638 ,0.9236 
E02979,-0.9912 ,0.0794 
E02980,-0.5724 ,0.0000 
E02983,0.1022 ,0.0878 
E02984,-1.8570 ,0.1053 
E02986,0.7416 ,0.6784 
E02989,0.1168 ,0.0378 
E02991,1.3240 ,0.0000 
E02997,-0.3823 ,0.0000 
E02999,0.5481 ,0.0000 
E03003,0.3466 ,0.0002 
E03005,2.6653 ,0.0000 
E03011,1.0765 ,0.0000 
E03013,0.3352 ,0.0765 
E03014,-0.5117 ,0.0000 
E03018,0.8899 ,0.0001 
E03019,-0.1243 ,0.0398 
E03020,-1.3255 ,0.2097 
E03026,-0.3401 ,0.0000 
E03028,2.8946 ,0.0000 
E03029,-0.0716 ,0.0031 
E03030,-0.1684 ,1.0000 
E03031,-1.4163 ,0.0000 
E03033,0.1079 ,0.2458 
E03038,-1.9105 ,0.0000 
E03041,0.0557 ,0.5396 
E03048,0.8906 ,0.0000 
E03049,0.4904 ,0.0000 
E03050,-0.3425 ,0.0000 
E03052,-0.8309 ,0.0000 
E03059,-0.5462 ,0.4168 
E03063,-0.7571 ,0.0000 
E03064,0.6824 ,0.0006 
E03065,0.0798 ,0.0360 
E03066,-0.6858 ,0.5232 
E03068,1.0489 ,0.0000 
E03069,0.3680 ,0.0000 
E03070,-1.2062 ,0.0000 
E03071,1.1865 ,0.0000 
E03073,1.8842 ,0.0000 
E03075,-0.6731 ,0.0000 
E03076,0.2248 ,0.0087 
E03078,0.8809 ,0.0000 
E03081,0.5411 ,0.0004 
E03084,0.2635 ,0.0000 
E03086,0.9189 ,0.0000 
E03088,-1.0071 ,0.0000 
E03094,1.9998 ,0.0351 
E03095,0.8318 ,0.6844 
E03098,-0.7360 ,0.0000 
E03099,0.0604 ,0.3163 
E03100,-0.1697 ,0.3460 
E03104,0.4995 ,0.0000 
E03105,0.3499 ,0.5171 
E03108,0.2009 ,0.1952 
E03109,0.6980 ,0.0000 
E03114,-0.2291 ,0.0426 
E03116,-1.1062 ,0.0000 
E03117,-0.0294 ,0.6237 
E03120,-1.9157 ,0.0000 
E03121,0.4491 ,0.0000 
E03122,0.3101 ,0.0037 
E03123,-0.2802 ,0.0000 
E03125,-0.0839 ,0.2691 
E03127,-0.3646 ,0.0012 
E03129,-0.2390 ,0.0003 
E03131,-0.1486 ,0.0009 
E03132,0.2318 ,1.0000 
E03134,-0.0610 ,0.4257 
E03135,0.1043 ,0.9877 
E03136,1.4932 ,0.0058 
E03139,0.8887 ,0.0000 
E03143,2.0885 ,0.0000 
E03144,0.1845 ,0.8571 
E03147,-1.2747 ,0.0000 
E03148,1.7344 ,0.0000 
E03149,-0.0209 ,0.7936 
E03150,-0.2836 ,0.0000 
E03151,-0.1552 ,0.0063 
E03158,0.8720 ,0.1463 
E03163,-0.1108 ,0.0027 
E03170,1.0201 ,0.0000 
E03171,0.1039 ,1.0000 
E03172,0.6066 ,0.0000 
E03174,-0.3465 ,0.0000 
E03177,-0.1293 ,0.0800 
E03178,-0.8104 ,0.0000 
E03183,-0.7839 ,0.1067 
E03185,-0.2310 ,0.0003 
E03186,-0.4044 ,0.0000 
E03187,0.0061 ,1.0000 
E03189,-0.2475 ,0.1284 
E03191,0.3833 ,0.0000 
E03195,0.6763 ,0.0000 
E03198,2.6549 ,0.0000 
E03201,-0.6432 ,0.0002 
E03203,0.4477 ,0.0000 
E03205,6.8247 ,0.0000 
E03206,0.0119 ,0.7338 
E03207,-0.1309 ,0.2850 
E03208,1.1128 ,0.0000 
E03209,-2.7514 ,0.0000 
E03211,0.7992 ,0.0000 
E03213,-0.1984 ,0.0279 
E03215,0.1916 ,0.1051 
E03217,-0.3963 ,0.0000 
E03218,1.5932 ,0.0000 
E03219,-2.9242 ,0.0000 
E03220,1.3819 ,0.0000 
E03221,0.3695 ,0.5427 
E03223,-0.4488 ,0.0000 
E03224,-0.7198 ,0.0000 
E03226,0.4173 ,0.0000 
E03228,0.3120 ,0.0000 
E03229,0.4744 ,0.0000 
E03232,-0.6885 ,0.0000 
E03233,-0.9242 ,0.0353 
E03234,-0.4075 ,0.0000 
E03235,0.1610 ,0.0041 
E03237,0.2449 ,0.0091 
E03239,0.0099 ,0.9491 
E03241,7.9091 ,0.0000 
E03242,0.1366 ,0.2477 
E03243,-0.7809 ,0.0000 
E03244,-0.6465 ,0.8485 
E03245,0.4750 ,0.9610 
E03247,-0.2374 ,0.0012 
E03248,-0.1498 ,0.0279 
E03251,3.3715 ,0.0000 
E03253,0.3003 ,0.0000 
E03254,0.0984 ,0.9451 
E03256,-0.5232 ,0.0000 
E03258,-0.7420 ,0.0000 
E03259,-0.0890 ,0.8636 
E03261,-0.5120 ,0.0000 
E03262,0.1162 ,0.0581 
E03263,0.8137 ,0.6421 
E03264,0.1148 ,0.2352 
E03266,0.2331 ,0.8745 
E03267,-0.3724 ,0.0000 
E03268,-0.5663 ,0.0000 
E03269,0.2222 ,0.0021 
E03273,2.9808 ,0.0000 
E03275,1.1048 ,0.4078 
E03276,-1.2581 ,0.0000 
E03278,-0.4436 ,0.0000 
E03279,-1.6308 ,0.0009 
E03280,-1.2082 ,0.0000 
E03281,-0.6414 ,0.0000 
E03283,1.0860 ,0.0000 
E03284,0.4486 ,0.9610 
E03285,-0.7984 ,0.0526 
E03287,-0.4119 ,0.7188 
E03288,3.4539 ,0.0000 
E03289,-0.1028 ,0.0083 
E03291,-2.0344 ,0.0000 
E03294,-0.9001 ,0.6415 
E03296,0.4763 ,0.0000 
E03300,-1.7061 ,0.0000 
E03302,-0.4617 ,0.0000 
E03305,0.6987 ,0.6844 
E03307,0.1197 ,0.1426 
E03310,-1.4790 ,0.0000 
E03313,7.3666 ,0.0000 
E03326,-0.3667 ,0.0000 
E03328,0.2242 ,0.0014 
E03329,0.9136 ,0.0000 
E03330,0.4232 ,0.0000 
E03332,-0.7123 ,0.0001 
E03334,-2.2204 ,0.0000 
E03336,1.0519 ,0.1532 
E03338,-0.4253 ,0.0000 
E03343,-0.0502 ,0.0020 
E03346,0.5001 ,0.0057 
E03348,-0.8236 ,0.0000 
E03350,-0.6120 ,0.0000 
E03354,-0.0947 ,1.0000 
E03357,-4.2677 ,0.0000 
E03359,0.0555 ,0.0922 
E03365,2.3251 ,0.0000 
E03367,-2.0049 ,0.0000 
E03370,0.1748 ,0.8745 
E03374,3.6105 ,0.0000 
E03384,-2.1080 ,0.0000 
E03385,0.3462 ,0.0000 
E03386,3.8477 ,0.0000 
E03388,0.6624 ,0.0000 
E03392,-0.0762 ,0.0944 
E03395,1.9126 ,0.0041 
E03397,-0.0113 ,0.9470 
E03398,0.6073 ,0.0000 
E03399,0.3422 ,0.0000 
E03400,-2.0096 ,0.0037 
E03401,2.2151 ,0.0000 
E03402,0.4622 ,0.0000 
E03403,-0.4849 ,0.0000 
E03407,-1.1648 ,0.0000 
E03409,-0.6632 ,0.8475 
E03424,-0.6966 ,0.0000 
E03428,1.2322 ,0.0000 
E03434,-0.7002 ,0.0000 
E03435,1.3631 ,0.2755 
E03439,-1.5787 ,0.0138 
E03442,-0.2755 ,0.0000 
E03443,0.5906 ,0.4026 
E03452,-0.1684 ,1.0000 
E03453,1.9864 ,0.0000 
E03455,1.1147 ,0.0000 
E03461,0.4132 ,0.0000 
E03463,-1.7992 ,0.0000 
E03464,0.4326 ,0.0000 
E03468,0.8756 ,0.5166 
E03469,3.6746 ,0.0000 
E03470,-0.0767 ,0.4031 
E03472,-0.3804 ,0.0003 
E03476,0.6255 ,0.6833 
E03479,-0.2507 ,0.3407 
E03480,2.4402 ,0.0000 
E03486,-0.9037 ,0.4027 
E03491,-0.9363 ,0.0000 
E03494,0.5131 ,0.0000 
E03495,-0.3553 ,0.0000 
E03496,1.2552 ,0.0000 
E03497,-0.2370 ,0.0438 
E03498,1.0614 ,0.3886 
E03504,0.3835 ,0.0000 
E03506,-0.4285 ,0.0000 
E03508,0.2211 ,0.0244 
E03509,-1.2926 ,0.3501 
E03512,2.8174 ,0.0000 
E03515,0.0266 ,0.6079 
E03517,-1.9662 ,0.0078 
E03518,0.4750 ,0.9610 
E03520,-0.0779 ,0.0395 
E03522,-0.6654 ,0.0027 
E03524,-0.1071 ,0.0511 
E03526,-1.8488 ,0.0005 
E03532,0.9849 ,0.6758 
E03533,1.0246 ,0.0000 
E03536,0.3894 ,0.0000 
E03537,-4.6387 ,0.0000 
E03538,1.3206 ,0.0000 
E03541,-0.1661 ,0.0566 
E03542,-0.0663 ,0.3734 
E03543,-0.6600 ,0.7795 
E03544,0.5596 ,0.7036 
E03545,0.5028 ,0.0000 
E03546,-0.9013 ,0.0000 
E03549,-0.1839 ,0.0004 
E03550,0.4928 ,0.0000 
E03551,1.2629 ,0.0000 
E03553,-1.0418 ,0.0000 
E03554,0.1778 ,0.2468 
E03559,0.6680 ,0.0000 
E03562,0.2615 ,0.0208 
E03563,0.2061 ,0.0033 
E03566,2.0091 ,0.0051 
E03567,-0.3704 ,0.0002 
E03576,-0.6751 ,0.0000 
E03578,-0.4596 ,0.0000 
E03581,-0.4585 ,0.0696 
E03583,-0.0867 ,0.1836 
E03585,0.1945 ,0.7132 
E03587,-0.7384 ,0.2026 
E03590,-0.4869 ,0.0000 
E03592,0.0230 ,0.8070 
E03594,0.0828 ,0.2026 
E03595,1.1953 ,0.4410 
E03596,-0.6820 ,0.0222 
E03597,0.1065 ,0.2062 
E03599,0.8623 ,0.0000 
E03600,0.2864 ,0.0001 
E03601,0.2087 ,1.0000 
E03603,-0.2600 ,0.0203 
E03611,-0.5099 ,0.0000 
E03613,0.0500 ,0.8274 
E03614,-0.3459 ,0.0000 
E03616,6.6012 ,0.0000 
E03622,0.3198 ,0.0000 
E03625,0.6492 ,0.0000 
E03626,0.6569 ,0.0000 
E03629,-0.5506 ,0.0000 
E03633,1.0837 ,0.4097 
E03634,0.4097 ,0.0042 
E03635,-0.7594 ,0.0000 
E03643,-0.1692 ,0.3405 
E03648,0.9723 ,0.4831 
E03649,0.5012 ,0.0000 
E03650,0.2015 ,0.2301 
E03653,0.2678 ,0.0000 
E03654,0.8434 ,0.6510 
E03657,-0.7461 ,0.0000 
E03661,1.1710 ,0.0000 
E03666,0.0276 ,1.0000 
E03669,-0.7754 ,0.6131 
E03670,1.6526 ,0.0000 
E03672,0.4781 ,0.9610 
E03673,-0.4221 ,0.0000 
E03674,-0.3986 ,0.0000 
E03675,-1.5594 ,0.0000 
E03679,-1.0423 ,0.0000 
E03680,1.6771 ,0.0000 
E03681,-1.2883 ,0.3508 
E03682,0.7512 ,0.0000 
E03683,1.1236 ,0.5888 
E03686,0.2141 ,0.0000 
E03687,-1.0064 ,0.0000 
E03689,1.0018 ,0.0000 
E03691,-0.9390 ,0.0000 
E03694,2.1432 ,0.0000 
E03695,0.8342 ,0.6415 
E03698,0.4750 ,0.9610 
E03699,0.2375 ,0.1661 
E03703,0.6528 ,0.0000 
E03704,-1.1317 ,0.0000 
E03705,2.4466 ,0.0000 
E03706,-0.0859 ,0.1922 
E03707,0.8305 ,0.0000 
E03709,0.1306 ,0.7122 
E03712,-0.2445 ,0.0000 
E03714,-0.0736 ,0.4037 
E03715,-0.8421 ,0.6354 
E03716,1.6552 ,0.0005 
E03717,0.2364 ,0.0004 
E03719,-0.2075 ,0.0114 
E03720,-1.0709 ,0.0000 
E03721,0.2517 ,0.0065 
E03722,2.9798 ,0.0002 
E03723,-0.3569 ,0.0000 
E03724,0.0979 ,0.2226 
E03726,1.1013 ,0.0018 
E03728,-1.0582 ,0.0000 
E03732,-0.4635 ,0.0325 
E03736,-0.3779 ,0.0000 
E03737,-0.0723 ,1.0000 
E03738,1.3618 ,0.1309 
E03740,0.4750 ,0.9610 
E03741,0.6085 ,0.0000 
E03742,0.8319 ,0.0000 
E03743,-0.4739 ,0.0000 
E03745,-2.8107 ,0.0000 
E03746,-2.7706 ,0.0000 
E03747,0.2428 ,0.0000 
E03748,1.7134 ,0.0000 
E03749,0.1616 ,0.5256 
E03755,2.0863 ,0.0000 
E03756,0.6690 ,0.0194 
E03759,-0.4699 ,0.0000 
E03762,2.7453 ,0.0000 
E03763,0.3979 ,0.0000 
E03765,3.2819 ,0.0000 
E03767,-0.1526 ,0.0246 
E03769,0.6342 ,0.0464 
E03772,3.8203 ,0.0000 
E03773,0.6938 ,0.0000 
E03777,-1.6402 ,0.0000 
E03778,0.2411 ,0.0566 
E03779,0.1682 ,0.0843 
E03781,-4.5190 ,0.0000 
E03782,0.7410 ,0.0000 
E03784,-0.6512 ,0.0300 
E03785,2.7756 ,0.0000 
E03786,0.6220 ,0.0000 
E03787,-0.1900 ,0.5243 
E03790,0.8112 ,0.6421 
E03792,-0.2505 ,0.0001 
E03794,0.6664 ,0.0001 
E03795,-0.3732 ,0.0000 
E03797,0.2013 ,0.0007 
E03800,1.5191 ,0.0000 
E03802,0.8920 ,0.0000 
E03803,-0.0364 ,0.6644 
E03805,-0.9247 ,0.0000 
E03806,1.7054 ,0.0001 
E03807,1.7729 ,0.1058 
E03809,0.2966 ,0.0000 
E03812,0.1103 ,0.0242 
E03813,0.8501 ,0.0000 
E03815,-0.4521 ,0.0000 
E03816,0.6854 ,0.0000 
E03821,-0.1290 ,0.1301 
E03822,0.7663 ,0.0000 
E03825,-0.2821 ,0.0003 
E03827,-0.1099 ,0.0638 
E03829,1.0777 ,0.0000 
E03831,0.5525 ,0.0000 
E03832,2.3739 ,0.0000 
E03833,-1.3969 ,0.0000 
E03834,-0.1866 ,0.0324 
E03835,-1.5127 ,0.0000 
E03837,-0.8055 ,0.0000 
E03840,0.9614 ,0.0000 
E03841,0.0094 ,1.0000 
E03844,-0.3792 ,0.0000 
E03845,1.4690 ,0.0213 
E03846,0.6107 ,0.0000 
E03847,-0.1402 ,0.1327 
E03848,-0.6342 ,0.0000 
E03849,-0.2724 ,0.0342 
E03853,0.6066 ,0.0000 
E03855,0.1357 ,0.0250 
E03858,0.1234 ,0.0059 
E03861,-0.2116 ,0.0394 
E03863,-0.4365 ,0.0000 
E03864,-0.5903 ,0.0000 
E03866,-0.5828 ,0.0000 
E03869,-4.4654 ,0.0000 
E03870,-0.5406 ,0.3552 
E03872,-3.5009 ,0.0000 
E03873,-0.1703 ,0.0036 
E03875,0.2212 ,0.0059 
E03878,4.0909 ,0.0000 
E03879,0.8431 ,0.0000 
E03880,2.5612 ,0.0028 
E03881,-0.0388 ,0.5264 
E03882,-0.6951 ,0.0000 
E03883,0.5275 ,0.0336 
E03887,2.1861 ,0.0000 
E03888,2.3873 ,0.0074 
E03889,-0.2772 ,0.0000 
E03890,0.4712 ,0.0000 
E03891,0.5627 ,0.0000 
E03893,1.3034 ,0.0000 
E03895,-4.1514 ,0.0000 
E03897,-4.1811 ,0.0000 
E03899,0.4486 ,0.9610 
E03901,0.8626 ,0.0000 
E03905,0.6188 ,0.0000 
E03915,0.7247 ,0.0000 
E03917,0.2514 ,0.0011 
E03918,0.6935 ,0.0000 
E03919,0.3249 ,0.0000 
E03923,-0.5866 ,0.0000 
E03924,-0.8208 ,0.0000 
E03925,-2.2004 ,0.0000 
E03927,-0.0845 ,0.9144 
E03928,0.4656 ,0.0000 
E03929,-0.3736 ,0.2522 
E03931,-1.4663 ,0.0000 
E03936,0.5365 ,0.0000 
E03942,-0.7486 ,0.0000 
E03946,-0.4820 ,0.0000 
E03947,-0.2442 ,0.0110 
E03948,-0.7679 ,0.0000 
E03949,0.0052 ,1.0000 
E03950,0.5307 ,0.0163 
E03951,0.5752 ,0.0000 
E03952,-0.4961 ,0.8035 
E03953,0.2667 ,0.0002 
E03954,-0.0411 ,0.9322 
E03955,0.5870 ,0.0000 
E03956,-0.2392 ,0.4490 
E03958,-0.4270 ,0.0000 
E03959,0.8952 ,0.0070 
E03964,0.7836 ,0.0000 
E03965,-0.6632 ,0.8475 
E03967,0.0686 ,0.1098 
E03969,-0.8760 ,0.1672 
E03970,-0.0666 ,0.0483 
E03971,-0.3405 ,0.0000 
E03972,0.0509 ,0.7577 
E03973,-0.9106 ,0.0000 
E03975,-0.6604 ,0.0000 
E03977,-3.2544 ,0.0000 
E03979,0.4011 ,0.0168 
E03980,0.1347 ,0.0936 
E03981,-0.0495 ,0.6974 
E03983,0.0916 ,0.1647 
E03984,-3.5988 ,0.0000 
E03985,-0.0395 ,0.8485 
E03988,0.8013 ,0.0000 
E03990,0.5980 ,0.0000 
E03991,0.0895 ,1.0000 
E03992,1.1378 ,0.0000 
E03993,0.7914 ,0.0001 
E03997,-0.1323 ,0.9470 
E03998,-3.4747 ,0.0000 
E03999,-0.5465 ,0.0000 
E04000,0.2266 ,0.1801 
E04001,-0.1364 ,0.3802 
E04003,0.7825 ,0.0001 
E04004,-0.2414 ,0.1201 
E04006,-0.7894 ,0.0000 
E04009,-1.3383 ,0.1081 
E04011,-0.3875 ,0.0003 
E04013,1.2081 ,0.0000 
E04014,-0.4613 ,0.0000 
E04016,0.3715 ,0.0000 
E04018,0.4737 ,0.5312 
E04019,-1.0526 ,0.0000 
E04022,0.1328 ,0.6833 
E04026,-0.3847 ,0.0000 
E04027,-0.1266 ,0.0401 
E04029,-0.1893 ,0.7301 
E04032,-0.7613 ,0.0000 
E04033,-0.6097 ,0.0000 
E04035,0.4322 ,0.0000 
E04036,-0.2851 ,0.0000 
E04040,1.2526 ,0.0000 
E04048,-1.9037 ,0.0000 
E04049,-1.0736 ,0.0000 
E04050,0.0135 ,0.9189 
E04057,-0.4690 ,0.0000 
E04059,-0.5935 ,0.0003 
E04060,0.7846 ,0.0000 
E04061,0.0995 ,0.0048 
E04063,-0.6382 ,0.0000 
E04066,-1.4882 ,0.1182 
E04067,1.2430 ,0.0000 
E04068,0.4123 ,0.0000 
E04072,-0.5095 ,0.0000 
E04076,0.1204 ,0.4473 
E04077,2.0651 ,0.0000 
E04078,-0.4755 ,0.0131 
E04083,0.2078 ,0.0000 
E04084,-0.6311 ,0.0000 
E04085,-0.3808 ,0.0003 
E04089,-1.2824 ,0.0000 
E04090,0.0776 ,0.0651 
E04091,-0.1084 ,0.2520 
E04093,-0.0836 ,0.2249 
E04094,-1.3871 ,0.0153 
E04099,0.6412 ,0.0000 
E04100,-0.8618 ,0.0000 
E04101,-1.2902 ,0.3506 
E04103,0.3255 ,0.0000 
E04104,-0.3358 ,0.0306 
E04107,1.5246 ,0.0000 
E04109,-0.3540 ,0.0107 
E04110,0.1517 ,0.0006 
E04111,-0.7510 ,0.0000 
E04112,-2.7093 ,0.0009 
E04117,4.8255 ,0.0000 
E04118,2.0748 ,0.0000 
E04120,-1.0161 ,0.1611 
E04122,0.0748 ,1.0000 
E04124,0.5968 ,0.4090 
E04125,-0.3503 ,0.8546 
E04127,0.6150 ,0.0000 
E04130,-0.0871 ,0.1162 
E04131,0.0159 ,0.8490 
E04132,-0.3016 ,0.0000 
E04133,-0.5286 ,0.0001 
E04135,1.0018 ,0.0000 
E04137,0.7081 ,0.0000 
E04139,-0.0454 ,0.4410 
E04140,-0.1719 ,0.3779 
E04141,-0.3680 ,0.0017 
E04143,-0.5328 ,0.0000 
E04145,-0.9776 ,0.0011 
E04146,0.0416 ,0.5927 
E04147,1.4993 ,0.0000 
E04148,-0.0686 ,0.2440 
E04149,5.0299 ,0.0000 
E04150,-0.0632 ,0.6800 
E04152,0.2485 ,0.0002 
E04155,2.6383 ,0.0000 
E04158,0.4062 ,0.0105 
E04159,0.0617 ,0.1386 
E04160,-0.1885 ,0.0005 
E04161,0.5861 ,0.0000 
E04162,0.1222 ,0.3114 
E04165,-0.8358 ,0.0000 
E04168,-1.3322 ,0.0000 
E04169,0.4960 ,0.0000 
E04171,1.3761 ,0.0000 
E04172,-0.4739 ,0.0000 
E04177,-1.0822 ,0.1627 
E04179,3.4494 ,0.0001 
E04180,2.1843 ,0.0000 
E04181,0.8472 ,0.0000 
E04183,-0.3157 ,0.0136 
E04185,-1.1019 ,0.0000 
E04186,-0.1689 ,0.0073 
E04189,-0.1284 ,0.2170 
E04192,0.9702 ,0.0000 
E04193,0.0072 ,0.9973 
E04195,-0.3043 ,0.0302 
E04196,-0.6655 ,0.0606 
E04197,0.4781 ,0.9610 
E04198,1.2547 ,0.0000 
E04200,1.9786 ,0.0000 
E04201,0.8823 ,0.0000 
E04205,-0.0554 ,0.8233 
E04206,-0.0237 ,0.8430 
E04207,1.2239 ,0.0000 
E04208,-1.2682 ,0.0000 
E04210,0.1754 ,0.9791 
E04212,-0.5456 ,0.0000 
E04214,0.0685 ,0.5988 
E04216,0.7178 ,0.0643 
E04217,-0.1948 ,0.0190 
E04218,-0.7913 ,0.0000 
E04219,0.1737 ,0.0101 
E04220,0.1440 ,0.1120 
E04221,-0.1951 ,0.8265 
E04222,1.1232 ,0.3003 
E04225,1.7644 ,0.0607 
E04226,0.6600 ,0.0000 
E04229,-0.2738 ,0.9610 
E04232,-0.5575 ,0.0000 
E04234,0.2334 ,0.0000 
E04242,0.6451 ,0.0051 
E04245,2.9852 ,0.0000 
E04246,0.3641 ,0.0000 
E04249,-0.6600 ,0.0000 
E04252,1.2965 ,0.0000 
E04255,1.0387 ,0.0000 
E04257,0.9966 ,0.0000 
E04258,-0.1207 ,0.1489 
E04259,0.1148 ,0.0790 
E04263,-0.6357 ,0.0000 
E04268,0.3881 ,0.0000 
E04269,8.3285 ,0.0000 
E04273,-0.6196 ,0.0000 
E04275,0.1505 ,1.0000 
E04276,-1.3400 ,0.0000 
